id,step_number,block,question_text,question_icon,question_type,input_type,input_placeholder,no_option_value,no_option_next_step,no_option_action_type,no_option_action_data,option1_text,option1_value,option1_next_step,option1_action_type,option1_action_data,option2_text,option2_value,option2_next_step,option2_action_type,option2_action_data,option3_text,option3_value,option3_next_step,option3_action_type,option3_action_data,option4_text,option4_value,option4_next_step,option4_action_type,option4_action_data,show_conditions,created_at,updated_at
1,101,INTRO,V√§lkommen till Raketrapport! Jag hj√§lper dig att skapa din √•rsredovisning p√• bara n√•gra minuter f√∂r digital uppladdning till Bolagsverket. Ladda upp din .SE fil fr√•n bokf√∂ringsprogrammet s√• kan vi p√•b√∂rja arbetet.,üöÄ,message,,,upload_se_file,102,show_file_upload,,,,,,,,,,,,,,,,,,,,,,,2025-08-11 15:18:32.40331+00,2025-08-11 15:18:32.40331+00
2,102,INTRO,Perfekt! Resultatrapport och balansr√§kning √§r nu skapad fr√•n SE-filen.,"‚úÖ ",message,,,,103,,,,,,,,,,,,,,,,,,,,,,,,2025-08-11 15:18:32.40331+00,2025-08-11 15:18:32.40331+00
3,103,INTRO,√Örets resultat √§r {SumAretsResultat} kr. Du hittar fullst√§ndig resultat- och balansr√§kning i f√∂rhandsvisningen till h√∂ger.,üí∞,message,,,,104,,,,,,,,,,,,,,,,,,,,,,,,2025-08-11 15:18:32.40331+00,2025-08-11 15:18:32.40331+00
4,104,INTRO,"Den bokf√∂rda skatten √§r {SkattAretsResultat} kr. Vill du godk√§nna den, eller vill du se √∂ver skatteutr√§kningen?",üèõÔ∏è,options,,,,,,,"Ja, godk√§nn den bokf√∂rda skatten.",approve_tax,501,navigate,,L√•t mig se √∂ver skatteutr√§kningen!,review_adjustments,201,navigate,,,,,,,,,,,,,2025-08-11 15:18:32.40331+00,2025-08-11 15:18:32.40331+00
5,201,PENSION,"Det verkar som att s√§rskild l√∂neskatt p√• pensioner inte √§r korrekt bokf√∂rd. Inbetald pension under √•ret uppg√•r till {pension_premier} kr och den s√§rskilda l√∂neskatten borde uppg√• till {sarskild_loneskatt_pension_calculated} kr,  men endast {sarskild_loneskatt_pension} kr √§r bokf√∂rt. Ska vi justera den s√§rskilda l√∂neskatten enligt v√•ra ber√§kningar?",‚ö†Ô∏è,options,,,,,,,Justera s√§rskild l√∂neskatt till {sarskild_loneskatt_pension_calculated} kr,adjust_calculated,202,set_variable,"{""value"": ""calculated"", ""variable"": ""justeringSarskildLoneskatt""}",Beh√•ll nuvarande bokf√∂rd s√§rskild l√∂neskatt {sarskild_loneskatt_pension} kr,keep_current,301,set_variable,"{""value"": ""current"", ""variable"": ""justeringSarskildLoneskatt""}",Ange belopp f√∂r egen s√§rskild l√∂neskatt,enter_custom,203,show_input,"{""input_type"": ""amount"", ""placeholder"": ""Ange belopp...""}",,,,,,"{""formula"": ""pension_premier * sarskild_loneskatt < sarskild_loneskatt_pension_calculated""}",2025-08-11 15:18:32.40331+00,2025-08-11 15:18:32.40331+00
6,202,PENSION,"Perfekt, nu √§r den s√§rskilda l√∂neskatten justerad som du kan se i skatteutr√§kningen till h√∂ger.",‚úÖ,message,,,continue,301,navigate,,,,,,,,,,,,,,,,,,,,,,,2025-08-11 15:18:32.40331+00,2025-08-11 15:18:32.40331+00
7,203,PENSION,Ange belopp f√∂r s√§rskild l√∂neskatt:,üí∞,input,amount,Ange belopp...,,,,,Skicka,submit,202,process_input,"{""variable"": ""sarskildLoneskattCustom""}",,,,,,,,,,,,,,,,,2025-08-11 15:18:32.40331+00,2025-08-11 15:18:32.40331+00
8,301,UNDERSKOTT,Outnyttjat underskott fr√•n f√∂reg√•ende √•r √§r summan av tidigare √•rs skattem√§ssiga f√∂rluster som √§nnu inte kvittats mot vinster. Vid framtida vinst kan underskottet anv√§ndas f√∂r att minska det skattem√§ssiga resultatet och d√§rmed skatten. Uppgiften kan h√§mtas fr√•n √•rets f√∂rtryckta [i1] eller f√∂rra √•rets skattedeklaration [i2] V√§lj ett alternativ nedan.,üìä,options,,,,,,,Det finns inget outnyttjat underskott kvar,none,401,navigate,,Ange belopp f√∂r outnyttjat underskott,enter_amount,302,show_input,"{""input_type"": ""amount"", ""placeholder"": ""Ange belopp...""}",,,,,,,,,,,,2025-08-11 15:18:32.40331+00,2025-08-11 15:18:32.40331+00
9,302,UNDERSKOTT,Det g√•r bra att l√§gga in belopp f√∂r outnyttjat underskott i rutan nedan och klicka p√• Skicka s√• uppdateras skatteutr√§kningen automatiskt.,üí∞,input,amount,Ange belopp...,,,,,Skicka,submit,303,process_input,"{""variable"": ""unusedTaxLossAmount""}",,,,,,,,,,,,,,,,,2025-08-11 15:18:32.40331+00,2025-08-11 15:18:32.40331+00
10,303,UNDERSKOTT,"Outnyttjat underskott fr√•n f√∂reg√•ende √•r har blivit uppdaterat med {unusedTaxLossAmount} kr, som du kan se i skatteutr√§kningen till h√∂ger.",‚úÖ,options,,,continue,304,navigate,,,,,navigate,,,,,,,,,,,,,,,,,,2025-08-11 15:18:32.40331+00,2025-08-11 15:18:32.40331+00
18,304,UNDERSKOTT,Perfekt. Nu √§r den outnyttjade f√∂rlusten ifylld och d√§rmed √§r den ber√§knade skatten och √•rets resultat justerat üëâ,‚úÖ,message,,,continue,401,navigate,,,,,,,,,,,,,,,,,,,,,,,,
11,401,SLUTSKATT,Ber√§knad skatt efter skattem√§ssiga justeringar √§r {inkBeraknadSkatt} kr. Vill du godk√§nna denna skatt eller vill du g√∂ra manuella justeringar? Eller vill du hellre att vi godk√§nner och anv√§nder den bokf√∂rda skatten?,üßÆ,options,,,,,,,Godk√§nn och anv√§nd ber√§knad skatt {inkBeraknadSkatt} kr,approve_calculated,405,set_variable,"{""value"": ""calculated"", ""variable"": ""finalTaxChoice""}",G√∂r manuella √§ndringar i skatteber√§kningen,manual_changes,4015,enable_editing,,Godk√§nn och anv√§nd bokf√∂rd skatt {inkBokfordSkatt} kr,approve_booked,405,set_variable,"{""value"": ""booked"", ""variable"": ""finalTaxChoice""}",,,,,,,2025-08-11 15:18:32.40331+00,2025-08-11 15:18:32.40331+00
12,402,SLUTSKATT,"Du kan nu redigera skattem√§ssiga justeringar. Klicka p√• ""Godk√§nn och uppdatera skatt"" n√§r du √§r klar.",‚úèÔ∏è,options,,,,,,,Godk√§nn och uppdatera skatt,update_tax,405,save_manual_tax,,√Öngra √§ndringar,undo_changes,401,reset_tax_edits,,,,,,,,,,,,,2025-08-11 15:18:32.40331+00,2025-08-11 15:18:32.40331+00
13,405,SLUTSKATT,Perfekt! Nu √§r √•rets skatt ber√§knat och vi har √§ven ett justerat √•rets resultat och kan g√• vidare!,‚úÖ,message,,,continue,450,navigate,,,,,,,,,,,,,,,,,,,,,,,,
20,450,PFOND,H√§r ser du √∂versikt √∂ver periodiseringsfonder,üìä,message,,,continue,501,show_periodiseringsfonder,,,,,,,,,,,,,,,,,,,,,,,,
14,501,UTDELNING,Perfekt! Vill ni g√∂ra n√•gon utdelning av vinsten?,üí∞,options,,,,,,,0 kr utdelning,0,505,set_variable,"{""value"": ""0"", ""variable"": ""dividend""}",Hela √•rets vinst {SumAretsResultat} kr,,505,set_variable,,,,,,,,,,,,,2025-08-11 15:18:32.40331+00,2025-08-11 15:18:32.40331+00
15,502,UTDELNING,Ange belopp f√∂r utdelning:,üí∞,input,amount,Ange belopp...,,,,,Skicka,submit,505,process_input,"{""variable"": ""customDividend""}",,,,,,,,,,,,,,,,,2025-08-11 15:18:32.40331+00,2025-08-11 15:18:32.40331+00
16,505,UTDELNING,"Perfekt! D√• har vi best√§mt hur utdelningsbara medel ska disponeras och kan g√• vidare med att f√§rdigst√§lla f√∂rvaltningsber√§ttelsen.  ",‚úÖ,message,,,continue,601,navigate,,,,,,,,,,,,,,,,,,,,,,,,
17,601,FB,Har n√•got s√§rskilt h√§nt i verksamheten under √•ret?,üìã,options,,,,,,,"Nej, inget s√§rskilt",no_events,701,set_variable,"{""value"": false, ""variable"": ""hasEvents""}","Ja, det har h√§nt saker",has_events,602,show_input,"{""input_type"": ""text"", ""placeholder"": ""Beskriv vad som h√§nt...""}",,,,,,,,,,,,2025-08-11 15:18:32.40331+00,2025-08-11 15:18:32.40331+00
19,4015,SLUTSKATT,Aktiverar manuell redigering av skattejusteringar...,‚öôÔ∏è,message,,,continue,402,enable_editing,,,,,,,,,,,,,,,,,,,,,,,,